intervention_group,avg_matched_percent,cost_per_mortality_reduction
Group 4 (Psychological & Social Support),0.9782034375376468,27.75
Group 6 (Health Education),0.9311586731567223,20.76923076923077
Group 1 (Physical & Mental Wellness),0.8508262250141119,24.583333333333332
Group 3 (Medical & Safety Support),0.7206591910960369,38.493975903614455
Group 2 (Physical Activity Promotion),0.6857296538086368,35.116279069767444
Group 5 (Disease Prevention & Control),0.5842986205023973,21.635772357723575
